Age,Height,Width,Weight
0.095410116,0.449450674,0,0.668841253
0,0,0,0.721729521
0,0.848913824,0.914959676,0
0,0,0,0.591297788
0.561243426,0,0,0
0,0,0,0
0,0,0,0
0,0,0,0
0,0.370818252,0,0
0,0,0,0.651077026
